{
  "timestamp": "2025-11-17T00:29:32.538Z",
  "cameras": "[{\"Position\":[0.5424333326518536,1],\"SegmentID\":0,\"Water\":1,\"Light\":0.9944291989963822,\"Status\":\"OK\"},{\"Position\":[1.724480141797689,1.8163200945317926],\"SegmentID\":1,\"Water\":0.5,\"Light\":0.2220813211277451,\"Status\":\"LOWLIGHT\"},{\"Position\":[1.3502419496291402,1],\"SegmentID\":2,\"Water\":0.5,\"Light\":0.7310071034079019,\"Status\":\"OK\"}]"
}
